AppID,Score
504720040,0.233670348114681
447553564,0.22339155647688114
512939461,0.21365848503576235
506627515,0.19559597187552136
440045374,0.17559293535432613
