AppID,Score
447553564,0.7172139601012981
512939461,0.47342528994163
506627515,0.4709193325804664
440045374,0.4563658463655333
429775439,0.233670348114681
